ChannelName,Country,URL
Sky Sports News,UK,https://topembed.pw/channel/SkySportsNews[UK]
Sky Sports MainEvent,UK,https://topembed.pw/channel/SkySportsMainEvent[UK]
Sky Sports Action,UK,https://topembed.pw/channel/SkySportsAction[UK]
Sky Sports Arena,UK,https://topembed.pw/channel/SkySportsArena[UK]
Sky Sports F1,UK,https://topembed.pw/channel/SkySportsF1[UK]
Sky Sports PremierLeague,UK,https://topembed.pw/channel/SkySportsPremierLeague[UK]
Sky Sports Football,UK,https://topembed.pw/channel/SkySportsFootball[UK]
Sky Sports Golf,UK,https://topembed.pw/channel/SkySportsGolf[UK]
Sky Sports Mix,UK,https://topembed.pw/channel/SkySportsMix[UK]
Sky Sports Tennis,UK,https://topembed.pw/channel/SkySportsTennis[UK]
Sky Sports Racing,UK,https://topembed.pw/channel/SkySportsRacing[UK]
TNT Sports 1,UK,https://topembed.pw/channel/TNTSports1[UK]
TNT Sports 2,UK,https://topembed.pw/channel/TNTSports2[UK]
TNT Sports 3,UK,https://topembed.pw/channel/TNTSports3[UK]
TNT Sports 4,UK,https://topembed.pw/channel/TNTSports4[UK]
TNT Sports 5,UK,https://topembed.pw/channel/TNTSports5[UK]
TNT Sports 6,UK,https://topembed.pw/channel/TNTSports6[UK]
TNT Sports 7,UK,https://topembed.pw/channel/TNTSports7[UK]
TNT Sports 8,UK,https://topembed.pw/channel/TNTSports8[UK]
Premier Sports 1,UK,https://topembed.pw/channel/PremierSports1[UK]
Premier Sports 2,UK,https://topembed.pw/channel/PremierSports2[UK]
BBC Scotland,UK,https://topembed.pw/channel/BBCScotland[UK]
ITV 1,UK,https://topembed.pw/channel/ITV1[UK]
ITV 2,UK,https://topembed.pw/channel/ITV2[UK]
ITV 3,UK,https://topembed.pw/channel/ITV3[UK]
ITV 4,UK,https://topembed.pw/channel/ITV4[UK]
BTN,USA,https://topembed.pw/channel/BTN[USA]
Canal 11,Portugal,https://topembed.pw/channel/Canal11[Portugal]
Digi Sport 1,Romania,https://topembed.pw/channel/DigiSport1[Romania]
Digi Sport 2,Romania,https://topembed.pw/channel/DigiSport2[Romania]
Digi Sport 3,Romania,https://topembed.pw/channel/DigiSport3[Romania]
Digi Sport 4,Romania,https://topembed.pw/channel/DigiSport4[Romania]
ESPN,USA,https://topembed.pw/channel/ESPN[USA]
ESPN 2,USA,https://topembed.pw/channel/ESPN2[USA]
ESPN Deportes,USA,https://topembed.pw/channel/ESPNDeportes[USA]
ESPNU,USA,https://topembed.pw/channel/ESPNU[USA]
Eleven Sports 1,Portugal,https://topembed.pw/channel/ElevenSports1[Portugal]
Eleven Sports 2,Portugal,https://topembed.pw/channel/ElevenSports2[Portugal]
Eleven Sports 3,Portugal,https://topembed.pw/channel/ElevenSports3[Portugal]
Eleven Sports 4,Portugal,https://topembed.pw/channel/ElevenSports4[Portugal]
Eleven Sports 5,Portugal,https://topembed.pw/channel/ElevenSports5[Portugal]
Eleven Sports 6,Portugal,https://topembed.pw/channel/ElevenSports6[Portugal]
FOX Sports 1,USA,https://topembed.pw/channel/FOXSports1[USA]
FOX Sports 2,USA,https://topembed.pw/channel/FOXSports2[USA]
Fox Sports 506,Australia,https://topembed.pw/channel/FoxSports506[Australia]
GOLF Channel,USA,https://topembed.pw/channel/GOLFChannel[USA]
NBA TV,USA,https://topembed.pw/channel/NBATV[USA]
NFL Network,USA,https://topembed.pw/channel/NFLNetwork[USA]
NFL Redzone,USA,https://topembed.pw/channel/NFLRedzone[USA]
NHL Network,USA,https://topembed.pw/channel/NHLNetwork[USA]
Nova Sports 1,Greece,https://topembed.pw/channel/NovaSports1[Greece]
Nova Sports 2,Greece,https://topembed.pw/channel/NovaSports2[Greece]
Nova Sports 3,Greece,https://topembed.pw/channel/NovaSports3[Greece]
Nova Sports 4,Greece,https://topembed.pw/channel/NovaSports4[Greece]
Nova Sports 5,Greece,https://topembed.pw/channel/NovaSports5[Greece]
Nova Sports 6,Greece,https://topembed.pw/channel/NovaSports6[Greece]
Nova Sports Start,Greece,https://topembed.pw/channel/NovaSportsStart[Greece]
OrangeSport1,Romania,https://topembed.pw/channel/OrangeSport1[Romania]
OrangeSport2,Romania,https://topembed.pw/channel/OrangeSport2[Romania]
OrangeSport3,Romania,https://topembed.pw/channel/OrangeSport3[Romania]
OrangeSport4,Romania,https://topembed.pw/channel/OrangeSport4[Romania]
PrimaSport1,Romania,https://topembed.pw/channel/PrimaSport1[Romania]
PrimaSport2,Romania,https://topembed.pw/channel/PrimaSport2[Romania]
PrimaSport3,Romania,https://topembed.pw/channel/PrimaSport3[Romania]
PrimaSport4,Romania,https://topembed.pw/channel/PrimaSport4[Romania]
ProArena,Romania,https://topembed.pw/channel/ProArena[Romania]
SECNetwork,USA,https://topembed.pw/channel/SECNetwork[USA]
SkyBundesliga,Germany,https://topembed.pw/channel/SkyBundesliga[Germany]
SkyBundesliga1,Germany,https://topembed.pw/channel/SkyBundesliga1[Germany]
SkyBundesliga2,Germany,https://topembed.pw/channel/SkyBundesliga2[Germany]
SkyBundesliga3,Germany,https://topembed.pw/channel/SkyBundesliga3[Germany]
SkyBundesliga4,Germany,https://topembed.pw/channel/SkyBundesliga4[Germany]
SkyBundesliga5,Germany,https://topembed.pw/channel/SkyBundesliga5[Germany]
SkyBundesliga6,Germany,https://topembed.pw/channel/SkyBundesliga6[Germany]
SkyBundesliga7,Germany,https://topembed.pw/channel/SkyBundesliga7[Germany]
SkyBundesliga8,Germany,https://topembed.pw/channel/SkyBundesliga8[Germany]
SkyBundesliga9,Germany,https://topembed.pw/channel/SkyBundesliga9[Germany]
SkySport1,Germany,https://topembed.pw/channel/SkySport1[Germany]
SkySport10,Germany,https://topembed.pw/channel/SkySport10[Germany]
SkySport2,Germany,https://topembed.pw/channel/SkySport2[Germany]
SkySport3,Germany,https://topembed.pw/channel/SkySport3[Germany]
SkySport4,Germany,https://topembed.pw/channel/SkySport4[Germany]
SkySport5,Germany,https://topembed.pw/channel/SkySport5[Germany]
SkySport6,Germany,https://topembed.pw/channel/SkySport6[Germany]
SkySport7,Germany,https://topembed.pw/channel/SkySport7[Germany]
SkySport8,Germany,https://topembed.pw/channel/SkySport8[Germany]
SkySport9,Germany,https://topembed.pw/channel/SkySport9[Germany]
SkySportTennis,Germany,https://topembed.pw/channel/SkySportTennis[Germany]
SkySportTopEvent,Germany,https://topembed.pw/channel/SkySportTopEvent[Germany]
SportTV1,Portugal,https://topembed.pw/channel/SportTV1[Portugal]
SportTV2,Portugal,https://topembed.pw/channel/SportTV2[Portugal]
SportTV3,Portugal,https://topembed.pw/channel/SportTV3[Portugal]
SportTV5,Portugal,https://topembed.pw/channel/SportTV5[Portugal]
SportTV4,Portugal,https://topembed.pw/channel/SportTV4[Portugal]
SportTV6,Portugal,https://topembed.pw/channel/SportTV6[Portugal]
Sportklub,Serbia,https://topembed.pw/channel/Sportklub[Serbia]
Sportklub1,Serbia,https://topembed.pw/channel/Sportklub1[Serbia]
Sportklub2,Serbia,https://topembed.pw/channel/Sportklub2[Serbia]
Sportklub3,Serbia,https://topembed.pw/channel/Sportklub3[Serbia]
Sportklub4,Serbia,https://topembed.pw/channel/Sportklub4[Serbia]
SuperSportAction,SouthAfrica,https://topembed.pw/channel/SuperSportAction[SouthAfrica]
SuperSportCricket,SouthAfrica,https://topembed.pw/channel/SuperSportCricket[SouthAfrica]
SuperSportFootball,SouthAfrica,https://topembed.pw/channel/SuperSportFootball[SouthAfrica]
SuperSportGolf,SouthAfrica,https://topembed.pw/channel/SuperSportGolf[SouthAfrica]
SuperSportGrandstand,SouthAfrica,https://topembed.pw/channel/SuperSportGrandstand[SouthAfrica]
SuperSportLaLiga,SouthAfrica,https://topembed.pw/channel/SuperSportLaLiga[SouthAfrica]
SuperSportMotorsport,SouthAfrica,https://topembed.pw/channel/SuperSportMotorsport[SouthAfrica]
SuperSportPSL,SouthAfrica,https://topembed.pw/channel/SuperSportPSL[SouthAfrica]
SuperSportPremierLeague,SouthAfrica,https://topembed.pw/channel/SuperSportPremierLeague[SouthAfrica]
SuperSportRugby,SouthAfrica,https://topembed.pw/channel/SuperSportRugby[SouthAfrica]
SuperSportTennis,SouthAfrica,https://topembed.pw/channel/SuperSportTennis[SouthAfrica]
SuperSportVariety1,SouthAfrica,https://topembed.pw/channel/SuperSportVariety1[SouthAfrica]
SuperSportVariety2,SouthAfrica,https://topembed.pw/channel/SuperSportVariety2[SouthAfrica]
SuperSportVariety3,SouthAfrica,https://topembed.pw/channel/SuperSportVariety3[SouthAfrica]
SuperSportVariety4,SouthAfrica,https://topembed.pw/channel/SuperSportVariety4[SouthAfrica]
TSN1,Canada,https://topembed.pw/channel/TSN1[Canada]
TSN2,Canada,https://topembed.pw/channel/TSN2[Canada]
TSN3,Canada,https://topembed.pw/channel/TSN3[Canada]
TSN4,Canada,https://topembed.pw/channel/TSN4[Canada]
TSN5,Canada,https://topembed.pw/channel/TSN5[Canada]
TennisChannel,USA,https://topembed.pw/channel/TennisChannel[USA]
TennisChannelPlus1,USA,https://topembed.pw/channel/TennisChannelPlus1[USA]
TennisChannelPlus11,USA,https://topembed.pw/channel/TennisChannelPlus11[USA]
TennisChannelPlus10,USA,https://topembed.pw/channel/TennisChannelPlus10[USA]
TennisChannelPlus12,USA,https://topembed.pw/channel/TennisChannelPlus12[USA]
TennisChannelPlus13,USA,https://topembed.pw/channel/TennisChannelPlus13[USA]
TennisChannelPlus14,USA,https://topembed.pw/channel/TennisChannelPlus14[USA]
TennisChannelPlus2,USA,https://topembed.pw/channel/TennisChannelPlus2[USA]
TennisChannelPlus3,USA,https://topembed.pw/channel/TennisChannelPlus3[USA]
TennisChannelPlus4,USA,https://topembed.pw/channel/TennisChannelPlus4[USA]
TennisChannelPlus5,USA,https://topembed.pw/channel/TennisChannelPlus5[USA]
TennisChannelPlus6,USA,https://topembed.pw/channel/TennisChannelPlus6[USA]
TennisChannelPlus7,USA,https://topembed.pw/channel/TennisChannelPlus7[USA]
TennisChannelPlus8,USA,https://topembed.pw/channel/TennisChannelPlus8[USA]
TennisChannelPlus9,USA,https://topembed.pw/channel/TennisChannelPlus9[USA]
USANetwork,USA,https://topembed.pw/channel/USANetwork[USA]
DAZN1Deutschland,Germany,https://topembed.pw/channel/DAZN1Deutschland[Germany]
DAZN2Deutschland,Germany,https://topembed.pw/channel/DAZN2Deutschland[Germany]
Antena1,Romania,https://topembed.pw/channel/Antena1[Romania]
YES,USA,https://topembed.pw/channel/YES[USA]
SportklubFight,Serbia,https://topembed.pw/channel/SportklubFight[Serbia]
BallySportsDetroit,USA,https://topembed.pw/channel/BallySportsDetroit[USA]
BallySportsFlorida,USA,https://topembed.pw/channel/BallySportsFlorida[USA]
BallySportsSun,USA,https://topembed.pw/channel/BallySportsSun[USA]
BallySportsSanDiego,USA,https://topembed.pw/channel/BallySportsSanDiego[USA]
BallySportsMidwest,USA,https://topembed.pw/channel/BallySportsMidwest[USA]
BallySportsNorth,USA,https://topembed.pw/channel/BallySportsNorth[USA]
BallySportsEast,USA,https://topembed.pw/channel/BallySportsEast[USA]
BallySportsWest,USA,https://topembed.pw/channel/BallySportsWest[USA]
BallySportsOhio,USA,https://topembed.pw/channel/BallySportsOhio[USA]
BallySportsOklahoma,USA,https://topembed.pw/channel/BallySportsOklahoma[USA]
SportsnetOne,Canada,https://topembed.pw/channel/SportsnetOne[Canada]
SportsnetPacific,Canada,https://topembed.pw/channel/SportsnetPacific[Canada]
SportsnetEast,Canada,https://topembed.pw/channel/SportsnetEast[Canada]
SportsnetWest,Canada,https://topembed.pw/channel/SportsnetWest[Canada]
SportsnetWorld,Canada,https://topembed.pw/channel/SportsnetWorld[Canada]
Sportsnet360,Canada,https://topembed.pw/channel/Sportsnet360[Canada]
AeNetworks,USA,https://topembed.pw/channel/AeNetworks[USA]
AbcTv,USA,https://topembed.pw/channel/AbcTv[USA]
AMC,USA,https://topembed.pw/channel/AMC[USA]
AnimalPlanet,USA,https://topembed.pw/channel/AnimalPlanet[USA]
BBCAmerica,USA,https://topembed.pw/channel/BBCAmerica[USA]
BET,USA,https://topembed.pw/channel/BET[USA]
DisneyChannel,USA,https://topembed.pw/channel/DisneyChannel[USA]
FoxNews,USA,https://topembed.pw/channel/FoxNews[USA]
CBSSN,USA,https://topembed.pw/channel/CBSSN[USA]
BravoTV,USA,https://topembed.pw/channel/BravoTV[USA]
CNN,USA,https://topembed.pw/channel/CNN[USA]
InvestigationDiscovery,USA,https://topembed.pw/channel/InvestigationDiscovery[USA]
Lifetime,USA,https://topembed.pw/channel/Lifetime[USA]
History,USA,https://topembed.pw/channel/History[USA]
EEntertainement,USA,https://topembed.pw/channel/EEntertainement[USA]
DisneyJR,USA,https://topembed.pw/channel/DisneyJR[USA]
ComedyCentral,USA,https://topembed.pw/channel/ComedyCentral[USA]
DestinationAmerica,USA,https://topembed.pw/channel/DestinationAmerica[USA]
DiscoveryChannel,USA,https://topembed.pw/channel/DiscoveryChannel[USA]
Boomerang,USA,https://topembed.pw/channel/Boomerang[USA]
FoodNetwork,USA,https://topembed.pw/channel/FoodNetwork[USA]
Freeform,USA,https://topembed.pw/channel/Freeform[USA]
CNBC,USA,https://topembed.pw/channel/CNBC[USA]
HLN,USA,https://topembed.pw/channel/HLN[USA]
LifetimeMoviesNetwork,USA,https://topembed.pw/channel/LifetimeMoviesNetwork[USA]
ESPNNews,USA,https://topembed.pw/channel/ESPNNews[USA]
Fox,USA,https://topembed.pw/channel/Fox[USA]
Cinemax,USA,https://topembed.pw/channel/Cinemax[USA]
MSNBC,USA,https://topembed.pw/channel/MSNBC[USA]
NationalGeographic,USA,https://topembed.pw/channel/NationalGeographic[USA]
Syfy,USA,https://topembed.pw/channel/Syfy[USA]
Wnyw,USA,https://topembed.pw/channel/Wnyw[USA]
CBS,USA,https://topembed.pw/channel/CBS[USA]
Univision,USA,https://topembed.pw/channel/Univision[USA]
TvLand,USA,https://topembed.pw/channel/TvLand[USA]
TLC,USA,https://topembed.pw/channel/TLC[USA]
HGTV,USA,https://topembed.pw/channel/HGTV[USA]
NBC,USA,https://topembed.pw/channel/NBC[USA]
HBO,USA,https://topembed.pw/channel/HBO[USA]
Showtime,USA,https://topembed.pw/channel/Showtime[USA]
Nicktoons,USA,https://topembed.pw/channel/Nicktoons[USA]
ABCNews,USA,https://topembed.pw/channel/ABCNews[USA]
NickelodeonTV,USA,https://topembed.pw/channel/NickelodeonTV[USA]
HallmarkMoviesMysteriesTV,USA,https://topembed.pw/channel/HallmarkMoviesMysteriesTV[USA]
Hallmark,USA,https://topembed.pw/channel/Hallmark[USA]
ProTV,Romania,https://topembed.pw/channel/ProTV[Romania]
NBCSportsBayArea,USA,https://topembed.pw/channel/NBCSportsBayArea[USA]
YesSport1,Israel,https://topembed.pw/channel/YesSport1[Israel]
YesSport2,Israel,https://topembed.pw/channel/YesSport2[Israel]
YesSport3,Israel,https://topembed.pw/channel/YesSport3[Israel]
YesSport4,Israel,https://topembed.pw/channel/YesSport4[Israel]
YesSport5,Israel,https://topembed.pw/channel/YesSport5[Israel]
BBCOne,UK,https://topembed.pw/channel/BBCOne[UK]
BBCTwo,UK,https://topembed.pw/channel/BBCTwo[UK]
BBCThree,UK,https://topembed.pw/channel/BBCThree[UK]
BBCFour,UK,https://topembed.pw/channel/BBCFour[UK]
Fox501,Australia,https://topembed.pw/channel/Fox501[Australia]
Fox502,Australia,https://topembed.pw/channel/Fox502[Australia]
Fox503,Australia,https://topembed.pw/channel/Fox503[Australia]
Fox504,Australia,https://topembed.pw/channel/Fox504[Australia]
Fox505,Australia,https://topembed.pw/channel/Fox505[Australia]
Fox506,Australia,https://topembed.pw/channel/Fox506[Australia]
Fox507,Australia,https://topembed.pw/channel/Fox507[Australia]
BallySportsSanDiego,USA,https://topembed.pw/channel/BallySportsSanDiego[USA]
ServusTV,Germany,https://topembed.pw/channel/ServusTV[Germany]
TBS,USA,https://topembed.pw/channel/TBS[USA]
MovistarDeportes,Spain,https://topembed.pw/channel/MovistarDeportes[Spain]
EllasVamos,Spain,https://topembed.pw/channel/EllasVamos[Spain]
DAZN1,Spain,https://topembed.pw/channel/DAZN1[Spain]
DAZN2,Spain,https://topembed.pw/channel/DAZN2[Spain]
TYCSports,Argentina,https://topembed.pw/channel/TYCSports[Argentina]
Caracol,Colombia,https://topembed.pw/channel/Caracol[Colombia]
WINSports,Colombia,https://topembed.pw/channel/WINSports[Colombia]
Ecuavisa,Ecuador,https://topembed.pw/channel/Ecuavisa[Ecuador]
ESPN,Argentina,https://topembed.pw/channel/ESPN[Argentina]
ESPN2,Argentina,https://topembed.pw/channel/ESPN2[Argentina]
ESPN3,Argentina,https://topembed.pw/channel/ESPN3[Argentina]
ESPNPremium,Argentina,https://topembed.pw/channel/ESPNPremium[Argentina]
DirecTV,Ecuador,https://topembed.pw/channel/DirecTV[Ecuador]
GolTV,Ecuador,https://topembed.pw/channel/GolTV[Ecuador]
AxsTv,USA,https://topembed.pw/channel/AxsTv[USA]
GOL,Peru,https://topembed.pw/channel/GOL[Peru]
TNT,USA,https://topembed.pw/channel/TNT[USA]
TUDN,Mexico,https://topembed.pw/channel/TUDN[Mexico]
WillowXtra,USA,https://topembed.pw/channel/WillowXtra[USA]
ESPNDeportes,Mexico,https://topembed.pw/channel/ESPNDeportes[Mexico]
Premiere1,Brasil,https://topembed.pw/channel/Premiere1[Brasil]
Premiere2,Brasil,https://topembed.pw/channel/Premiere2[Brasil]
Premiere3,Brasil,https://topembed.pw/channel/Premiere3[Brasil]
CartoonNetwork,Italy,https://topembed.pw/channel/CartoonNetwork[Italy]
CartoonNetworkItaly,Italy,https://topembed.pw/channel/CartoonNetworkItaly[Italy]
Boomerang,Italy,https://topembed.pw/channel/Boomerang[Italy]
History,Italy,https://topembed.pw/channel/History[Italy]
WweNetwork,USA,https://topembed.pw/channel/WweNetwork[USA]
TUDN,USA,https://topembed.pw/channel/TUDN[USA]
NBCOlympics1,USA,https://topembed.pw/channel/NBCOlympics1[USA]
NBCOlympics2,USA,https://topembed.pw/channel/NBCOlympics2[USA]
WapaTv,USA,https://topembed.pw/channel/WapaTv[USA]
DirecTVSports,Argentina,https://topembed.pw/channel/DirecTVSports[Argentina]
DirecTVSports2,Argentina,https://topembed.pw/channel/DirecTVSports2[Argentina]
FOXSports1,Argentina,https://topembed.pw/channel/FOXSports1[Argentina]
FOXSports2,Argentina,https://topembed.pw/channel/FOXSports2[Argentina]
RTSHSport,Albania,https://topembed.pw/channel/RTSHSport[Albania]
RTSH1,Albania,https://topembed.pw/channel/RTSH1[Albania]
RTSH2,Albania,https://topembed.pw/channel/RTSH2[Albania]
SkySport1,NewZealand,https://topembed.pw/channel/SkySport1[NewZealand]
SkySport2,NewZealand,https://topembed.pw/channel/SkySport2[NewZealand]
SkySport3,NewZealand,https://topembed.pw/channel/SkySport3[NewZealand]
SkySport4,NewZealand,https://topembed.pw/channel/SkySport4[NewZealand]
SkySport5,NewZealand,https://topembed.pw/channel/SkySport5[NewZealand]
SkySport6,NewZealand,https://topembed.pw/channel/SkySport6[NewZealand]
SkySport7,NewZealand,https://topembed.pw/channel/SkySport7[NewZealand]
SkySport8,NewZealand,https://topembed.pw/channel/SkySport8[NewZealand]
SkySport9,NewZealand,https://topembed.pw/channel/SkySport9[NewZealand]
CBSSportsNetwork,USA,https://topembed.pw/channel/CBSSportsNetwork[USA]
FOXSports1,Mexico,https://topembed.pw/channel/FOXSports1[Mexico]
FOXSports2,Mexico,https://topembed.pw/channel/FOXSports2[Mexico]
FOXSports3,Mexico,https://topembed.pw/channel/FOXSports3[Mexico]
LaLigaTV,UK,https://topembed.pw/channel/LaLigaTV[UK]
BeINSport1,France,https://topembed.pw/channel/BeINSport1[France]
BeINSport2,France,https://topembed.pw/channel/BeINSport2[France]
BeINSport3,France,https://topembed.pw/channel/BeINSport3[France]
BeINSport4,France,https://topembed.pw/channel/BeINSport4[France]
DAZN1UK,UK,https://topembed.pw/channel/DAZN1UK[UK]
PrimaTV,Romania,https://topembed.pw/channel/PrimaTV[Romania]
BBCScotland,UK,https://topembed.pw/channel/BBCScotland[UK]
NBCSPhiladelphia,USA,https://topembed.pw/channel/NBCSPhiladelphia[USA]
CBSNY,USA,https://topembed.pw/channel/CBSNY[USA]
SkySportSelect,NewZealand,https://topembed.pw/channel/SkySportSelect[NewZealand]
RacingTV,UK,https://topembed.pw/channel/RacingTV[UK]
RTEOne,Ireland,https://topembed.pw/channel/RTEOne[Ireland]
RTETwo,Ireland,https://topembed.pw/channel/RTETwo[Ireland]
NBCSCalifornia,USA,https://topembed.pw/channel/NBCSCalifornia[USA]
NBCSBoston,USA,https://topembed.pw/channel/NBCSBoston[USA]
BeinSports1,Arab,https://topembed.pw/channel/BeinSports1[Arab]
BeinSports2,Arab,https://topembed.pw/channel/BeinSports2[Arab]
KHLPrime,Russia,https://topembed.pw/channel/KHLPrime[Russia]
KHLTV,Russia,https://topembed.pw/channel/KHLTV[Russia]
OptusSport1,Australia,https://topembed.pw/channel/OptusSport1[Australia]
OptusSport2,Australia,https://topembed.pw/channel/OptusSport2[Australia]
OptusSport3,Australia,https://topembed.pw/channel/OptusSport3[Australia]
OptusSport4,Australia,https://topembed.pw/channel/OptusSport4[Australia]
OptusSport5,Australia,https://topembed.pw/channel/OptusSport5[Australia]
OptusSport6,Australia,https://topembed.pw/channel/OptusSport6[Australia]
AstroCricket,Malaysia,https://topembed.pw/channel/AstroCricket[Malaysia]
PeacockEPLTV,USA,https://topembed.pw/channel/PeacockEPLTV[USA]
PeacockEPL1,USA,https://topembed.pw/channel/PeacockEPL1[USA]
PeacockEPL2,USA,https://topembed.pw/channel/PeacockEPL2[USA]
PeacockEPL3,USA,https://topembed.pw/channel/PeacockEPL3[USA]
PeacockEPL4,USA,https://topembed.pw/channel/PeacockEPL4[USA]
PeacockEPL5,USA,https://topembed.pw/channel/PeacockEPL5[USA]
BBCNEWS24,UK,https://topembed.pw/channel/BBCNEWS24[UK]
RMCSport1,France,https://topembed.pw/channel/RMCSport1[France]
Premiersport1,Ireland,https://topembed.pw/channel/Premiersport1[Ireland]
Combate,Brazil,https://topembed.pw/channel/Combate[Brazil]
ESPN1,Netherlands,https://topembed.pw/channel/ESPN1[Netherlands]
ESPN2,Netherlands,https://topembed.pw/channel/ESPN2[Netherlands]
ESPN3,Netherlands,https://topembed.pw/channel/ESPN3[Netherlands]
Blaze,UK,https://topembed.pw/channel/Blaze[UK]
SupersportNews,SouthAfrica,https://topembed.pw/channel/SupersportNews[SouthAfrica]
UFCFightPass,UK,https://topembed.pw/channel/UFCFightPass[UK]
FloRacing,USA,https://topembed.pw/channel/FloRacing[USA]
ACCNetwork,USA,https://topembed.pw/channel/ACCNetwork[USA]
ArenaPremium1,Serbia,https://topembed.pw/channel/ArenaPremium1[Serbia]
ArenaPremium2,Serbia,https://topembed.pw/channel/ArenaPremium2[Serbia]
ArenaPremium3,Serbia,https://topembed.pw/channel/ArenaPremium3[Serbia]
CosmoteSport1,Greece,https://topembed.pw/channel/CosmoteSport1[Greece]
CosmoteSport2,Greece,https://topembed.pw/channel/CosmoteSport2[Greece]
CosmoteSport3,Greece,https://topembed.pw/channel/CosmoteSport3[Greece]
CosmoteSport4,Greece,https://topembed.pw/channel/CosmoteSport4[Greece]
CosmoteSport5,Greece,https://topembed.pw/channel/CosmoteSport5[Greece]
CosmoteSport6,Greece,https://topembed.pw/channel/CosmoteSport6[Greece]
CosmoteSport7,Greece,https://topembed.pw/channel/CosmoteSport7[Greece]
CosmoteSport8,Greece,https://topembed.pw/channel/CosmoteSport8[Greece]
CosmoteSport9,Greece,https://topembed.pw/channel/CosmoteSport9[Greece]
ArenaSport1,Serbia,https://topembed.pw/channel/ArenaSport1[Serbia]
ArenaSport2,Serbia,https://topembed.pw/channel/ArenaSport2[Serbia]
ArenaSport3,Serbia,https://topembed.pw/channel/ArenaSport3[Serbia]
ArenaSport4,Serbia,https://topembed.pw/channel/ArenaSport4[Serbia]
ArenaSport5,Serbia,https://topembed.pw/channel/ArenaSport5[Serbia]
ArenaSport6,Serbia,https://topembed.pw/channel/ArenaSport6[Serbia]
ArenaSport7,Serbia,https://topembed.pw/channel/ArenaSport7[Serbia]
ArenaSport8,Serbia,https://topembed.pw/channel/ArenaSport8[Serbia]
BeinSportsMena1,UK,https://topembed.pw/channel/BeinSportsMena1[UK]
VTM2,Belgium,https://topembed.pw/channel/VTM2[Belgium]
CanalSport,France,https://topembed.pw/channel/CanalSport[France]
CanalSport1,France,https://topembed.pw/channel/CanalSport1[France]
CanalSport2,France,https://topembed.pw/channel/CanalSport2[France]
CanalSport3,France,https://topembed.pw/channel/CanalSport3[France]
CanalSport4,France,https://topembed.pw/channel/CanalSport4[France]
CanalSport5,France,https://topembed.pw/channel/CanalSport5[France]
CanalSport6,France,https://topembed.pw/channel/CanalSport6[France]
CanalSport7,France,https://topembed.pw/channel/CanalSport7[France]
CanalSport8,France,https://topembed.pw/channel/CanalSport8[France]
CanalSport9,France,https://topembed.pw/channel/CanalSport9[France]
CanalSport10,France,https://topembed.pw/channel/CanalSport10[France]
CanalSport11,France,https://topembed.pw/channel/CanalSport11[France]
CanalSport12,France,https://topembed.pw/channel/CanalSport12[France]
CanalSport13,France,https://topembed.pw/channel/CanalSport13[France]
CanalSport14,France,https://topembed.pw/channel/CanalSport14[France]
CanalSport15,France,https://topembed.pw/channel/CanalSport15[France]
CanalSport16,France,https://topembed.pw/channel/CanalSport16[France]
CanalSport17,France,https://topembed.pw/channel/CanalSport17[France]
CanalSport18,France,https://topembed.pw/channel/CanalSport18[France]
CanalSport19,France,https://topembed.pw/channel/CanalSport19[France]
CanalSport360,France,https://topembed.pw/channel/CanalSport360[France]
BeinSports3,France,https://topembed.pw/channel/BeinSports3[France]
Film4,UK,https://topembed.pw/channel/Film4[UK]
NFL09,US,https://topembed.pw/channel/NFL09[US]
MAVTV,USA,https://topembed.pw/channel/MAVTV[USA]
SportsnetOntario,Canada,https://topembed.pw/channel/SportsnetOntario[Canada]
CNNnews,USA,https://topembed.pw/channel/CNNnews[USA]
DiemaSport2,Bulgaria,https://topembed.pw/channel/DiemaSport2[Bulgaria]
SupersportsBlitz,SouthAfrica,https://topembed.pw/channel/SupersportsBlitz[SouthAfrica]
WillowTV,USA,https://topembed.pw/channel/WillowTV[USA]
BeINSport4max,France,https://topembed.pw/channel/BeINSport4max[France]
WillovTV,USA,https://topembed.pw/channel/WillovTV[USA]
TV3,Denmark,https://topembed.pw/channel/TV3[Denmark]
PDCTV,USA,https://topembed.pw/channel/PDCTV[USA]
SkyDiscoveryHD,UK,https://topembed.pw/channel/SkyDiscoveryHD[UK]
FoxSports1Backup,USA,https://topembed.pw/channel/FoxSports1Backup[USA]
SkySportsCricket,UK,https://topembed.pw/channel/SkySportsCricket[UK]
ViaplaySports1,UK,https://topembed.pw/channel/ViaplaySports1[UK]
ViaplaySports2,UK,https://topembed.pw/channel/ViaplaySports2[UK]
OutdoorChannel,USA,https://topembed.pw/channel/OutdoorChannel[USA]
MASN,USA,https://topembed.pw/channel/MASN[USA]
FXX,USA,https://topembed.pw/channel/FXX[USA]
PATV,Pakistan,https://topembed.pw/channel/PATV[Pakistan]
GameShowNetwork,USA,https://topembed.pw/channel/GameShowNetwork[USA]
MLBNetwork,USA,https://topembed.pw/channel/MLBNetwork[USA]
WillowXtra2,USA,https://topembed.pw/channel/WillowXtra2[USA]
StarSports1,India,https://topembed.pw/channel/StarSports1[India]
StarSports2,India,https://topembed.pw/channel/StarSports2[India]
StarSports3,India,https://topembed.pw/channel/StarSports3[India]
TNT Sports ,Argentina,https://topembed.pw/channel/TNTSports[Argentina]
MovistarLigadeCampeones1,Spain,https://topembed.pw/channel/MovistarLigadeCampeones1[Spain]
Eurosport1,Spain,https://topembed.pw/channel/Eurosport1[Spain]
Eurosport2,Spain,https://topembed.pw/channel/Eurosport2[Spain]
Eurosport1,Germany,https://topembed.pw/channel/Eurosport1[Germany]
Eurosport2,Germany,https://topembed.pw/channel/Eurosport2[Germany]
DAZNF1,Spain,https://topembed.pw/channel/DAZNF1[Spain]
DAZN1,Spain,https://topembed.pw/channel/DAZN1[Spain]
DAZN2,Spain,https://topembed.pw/channel/DAZN2[Spain]
DAZN1,Portugal,https://topembed.pw/channel/DAZN1[Portugal]
DAZNLaliga,Spain,https://topembed.pw/channel/DAZNLaliga[Spain]
DaznLaLiga2,Spain,https://topembed.pw/channel/DaznLaLiga2[Spain]
Laligahypermotion,Spain,https://topembed.pw/channel/Laligahypermotion[Spain]
SkySportsF1,Germany,https://topembed.pw/channel/SkySportsF1[Germany]
DiemaSport,Bulgaria,https://topembed.pw/channel/DiemaSport[Bulgaria]
NBATV,Portugal,https://topembed.pw/channel/NBATV[Portugal]
SkySportsCalcio,Italy,https://topembed.pw/channel/SkySportsCalcio[Italy]
SkySportsUno,Italy,https://topembed.pw/channel/SkySportsUno[Italy]
BeinSportsMENA3,Argentina,https://topembed.pw/channel/BeinSportsMENA3[Argentina]
FoxSoccerPlus,US,https://topembed.pw/channel/FoxSoccerPlus[US]
S4C,UK,https://topembed.pw/channel/S4C[UK]
RallyTV,UK,https://topembed.pw/channel/RallyTV[UK]
MUTV,UK,https://topembed.pw/channel/MUTV[UK]
MLaliga,Spain,https://topembed.pw/channel/MLaliga[Spain]
BeinSportsSpain,Spain,https://topembed.pw/channel/BeinSportsSpain[Spain]
ElevenSports1,Poland,https://topembed.pw/channel/ElevenSports1[Poland]
ESPNBrazil,Brazil,https://topembed.pw/channel/ESPNBrazil[Brazil]
CW,USA,https://topembed.pw/channel/CW[USA]
TNT Sports 8,UK,https://topembed.pw/channel/TNTSports8[UK]
SkySportsF1,Italy,https://topembed.pw/channel/SkySportsF1[Italy]
SkySports251,Italy,https://topembed.pw/channel/SkySports251[Italy]
PTVSports,Pakistan,https://topembed.pw/channel/PTVSports[Pakistan]
Motowizja,Poland,https://topembed.pw/channel/Motowizja[Poland]
DiscoverLife,USA,https://topembed.pw/channel/DiscoverLife[USA]
FanDuelSportsOhio,USA,https://topembed.pw/channel/FanDuelSportsOhio[USA]
FanDuelSportsFlorida,USA,https://topembed.pw/channel/FanDuelSportsFlorida[USA]
Eurosport1,Poland,https://topembed.pw/channel/Eurosport1[Poland]
Eurosport2,Poland,https://topembed.pw/channel/Eurosport2[Poland]
FanDuelSportsDetroit,USA,https://topembed.pw/channel/FanDuelSportsDetroit[USA]
FanDuelSportKansasCity,USA,https://topembed.pw/channel/FanDuelSportKansasCity[USA]
FanDuelSportsMidwest,USA,https://topembed.pw/channel/FanDuelSportsMidwest[USA]
Sport1,Germany,https://topembed.pw/channel/Sport1[Germany]
ZiggoSport,Netherlands,https://topembed.pw/channel/ZiggoSport[Netherlands]
ZiggoSport2,Netherlands,https://topembed.pw/channel/ZiggoSport2[Netherlands]
ZiggoSport3,Netherlands,https://topembed.pw/channel/ZiggoSport3[Netherlands]
ZiggoSport4,Netherlands,https://topembed.pw/channel/ZiggoSport4[Netherlands]
YESUSA,USA,https://topembed.pw/channel/YESUSA[USA]
Eurosport1,France,https://topembed.pw/channel/Eurosport1[France]
DAZN1,Italy,https://topembed.pw/channel/DAZN1[Italy]
DAZN2,Italy,https://topembed.pw/channel/DAZN2[Italy]
Eurosport2,France,https://topembed.pw/channel/Eurosport2[France]
FanDuelSportsWisconsin,USA,https://topembed.pw/channel/FanDuelSportsWisconsin[USA]
FanDuelSportsSoutheast,USA,https://topembed.pw/channel/FanDuelSportsSoutheast[USA]
NESN,USA,https://topembed.pw/channel/NESN[USA]
SportsnetPittsburg,USA,https://topembed.pw/channel/SportsnetPittsburg[USA]	
beINSPORTSUSA,USA,https://topembed.pw/channel/beINSPORTSUSA[USA]
CanalSport,Poland,https://topembed.pw/channel/CanalSport[Poland]
CanalPlusSport5,Poland,https://topembed.pw/channel/CanalPlusSport5[Poland]
Nevena1,S7,https://topembed.pw/channel/Nevena1[S7]
Nevena2,S7,https://topembed.pw/channel/Nevena2[S7]
Nevena3,S7,https://topembed.pw/channel/Nevena3[S7]
Nevena4,S7,https://topembed.pw/channel/Nevena4[S7]
Nevena5,S7,https://topembed.pw/channel/Nevena5[S7]
Nevena6,S7,https://topembed.pw/channel/Nevena6[S7]
Nevena7,S7,https://topembed.pw/channel/Nevena7[S7]
Nevena8,S7,https://topembed.pw/channel/Nevena8[S7]
Nevena9,S7,https://topembed.pw/channel/Nevena9[S7]
Nevena10,S7,https://topembed.pw/channel/Nevena10[S7]
Channel5,UK,https://topembed.pw/channel/Channel5[UK]
TNT Sports Ultimate,UK,https://topembed.pw/channel/TNTSportsUltimate[UK]
TeleCinco,Spain,https://topembed.pw/channel/TeleCinco[Spain]
Channel4,UK,https://topembed.pw/channel/Channel4[UK]
Lequipe,France,https://topembed.pw/channel/Lequipe[France]
CanalPlus,France,https://topembed.pw/channel/CanalPlus[France]
